{"cameraMode":{"drawMode":0,"name":"Shaded","section":"Shading Mode"},"sceneLighting":false,"audioPlay":false,"sceneViewState":{"m_AlwaysRefresh":false,"showFog":true,"showSkybox":false,"showFlares":true,"showImageEffects":true,"showParticleSystems":true,"showVisualEffectGraphs":true,"m_FxEnabled":true},"in2DMode":false,"pivot":{"x":-2.783189296722412,"y":0.6341831684112549,"z":0.26500317454338076},"rotation":{"x":0.09402825683355332,"y":0.7122785449028015,"z":-0.09674090147018433,"w":0.688969612121582},"size":1.6015617847442628,"orthographic":false}