{"cameraMode":{"drawMode":0,"name":"Shaded","section":"Shading Mode"},"sceneLighting":false,"audioPlay":false,"sceneViewState":{"m_AlwaysRefresh":false,"showFog":true,"showSkybox":false,"showFlares":true,"showImageEffects":true,"showParticleSystems":true,"showVisualEffectGraphs":true,"m_FxEnabled":true},"in2DMode":false,"pivot":{"x":3.318070411682129,"y":1.540583610534668,"z":-0.17063598334789277},"rotation":{"x":0.15816277265548707,"y":-0.6790653467178345,"z":0.15364591777324677,"w":0.7003546357154846},"size":0.2622945010662079,"orthographic":false}