{"cameraMode":{"drawMode":0,"name":"Shaded","section":"Shading Mode"},"sceneLighting":false,"audioPlay":false,"sceneViewState":{"m_AlwaysRefresh":false,"showFog":true,"showSkybox":false,"showFlares":true,"showImageEffects":true,"showParticleSystems":true,"showVisualEffectGraphs":true,"m_FxEnabled":true},"in2DMode":false,"pivot":{"x":-3.758450508117676,"y":0.49000000953674319,"z":-12.651331901550293},"rotation":{"x":0.05997518450021744,"y":0.736458420753479,"z":-0.06534862518310547,"w":0.6708062887191773},"size":0.8660253286361694,"orthographic":false}