{"cameraMode":{"drawMode":0,"name":"Shaded","section":"Shading Mode"},"sceneLighting":false,"audioPlay":false,"sceneViewState":{"m_AlwaysRefresh":false,"showFog":true,"showSkybox":false,"showFlares":true,"showImageEffects":true,"showParticleSystems":true,"showVisualEffectGraphs":true,"m_FxEnabled":true},"in2DMode":false,"pivot":{"x":-0.05639806017279625,"y":0.046452753245830539,"z":0.08684337139129639},"rotation":{"x":0.18480084836483003,"y":0.6603661179542542,"z":-0.17216292023658753,"w":0.7073585987091065},"size":0.772790253162384,"orthographic":false}